料理名,カテゴリー,材料
クリームシチュー,汁物,クリームシチュー素、じゃがいも、人参、玉ねぎ、鶏もも肉、しめじ
けんちん汁,汁物,サトイモ、大根、人参、しめじ、こんにゃく、ごぼう、豆腐、ねぎ、油揚げ
コンソメスープ,汁物,じゃがいも、玉ねぎ、人参、ウインナー、きゃべつ、コンソメ
前日と同じ,汁物,
たまごスープ,汁物,卵、創味シャンタン、わかめ
鶏汁,汁物,鶏団子、白菜、えのき、ねぎ、人参
豚汁,汁物,豚こま肉、じゃがいも、ごぼう、こんにゃく、大根、人参、豆腐、ねぎ、しめじ
味噌汁　あさり,汁物,あさり、ねぎ
味噌汁　小松菜,汁物,小松菜、油揚げ
味噌汁　しじみ,汁物,しじみ
味噌汁　じゃがいも,汁物,じゃがいも、玉ねぎ
味噌汁　大根,汁物,大根、油揚げ、しめじ
味噌汁　なめこ,汁物,なめこ、豆腐、油揚げ、ねぎ
味噌汁　にらたま,汁物,ニラ、卵
味噌汁　もやし,汁物,もやし
味噌汁　わかめ,汁物,豆腐、油揚げ、わかめ、ねぎ
ミネストローネ,汁物,トマトソース（カゴメ）、玉ねぎ、じゃがいも、人参、セロリ、キャベツ、ベーコン、コンソメ
わかめースープ,汁物,わかめもやし創味シャンタン
小松菜と油揚げの煮物,主菜2,油揚げ、小松菜
梅ジュース,主菜2,梅ジュース
オイスターソース,主菜2,オイスターソース
カロリーメイト,主菜2,カロリーメイト
缶詰 さば,主菜2,缶詰 さば
缶詰 さんま,主菜2,缶詰 さんま
キッチンペーパー,主菜2,キッチンペーパー
キムチ,主菜2,キムチ
小女子佃煮,主菜2,小女子佃煮
砂糖,主菜2,砂糖
千切りキャベツ,主菜2,千切りキャベツ
創味シャンタン,主菜2,創味シャンタン
ソーセージ魚,主菜2,ソーセージ魚
そば,主菜2,そば
大豆煮,主菜2,大豆煮
卵,主菜2,卵
炭酸ジュース,主菜2,炭酸ジュース
チーズ6P,主菜2,チーズ6P
チーズスライス,主菜2,チーズスライス
ツナ,主菜2,ツナ
豆乳,主菜2,豆乳
牛乳,主菜2,牛乳
豆腐パック,主菜2,豆腐3パック
ナゲット,主菜2,ナゲット
納豆3P,主菜2,納豆3P
パスタ,主菜2,パスタ
バナナ,主菜2,バナナ
ビール,主菜2,ビール
味噌,主菜2,味噌
味噌汁（即席）,主菜2,味噌汁（即席）
ミニトマト,主菜2,ミニトマト
焼そば(父）,主菜2,焼そば（父）
ヨーグルト,主菜2,ヨーグルト
料理酒,主菜2,料理酒
冷凍うどん,主菜2,冷凍うどん
冷凍コロッケ,主菜2,冷凍コロッケ
冷凍照り焼き,主菜2,冷凍照り焼き
冷凍パスタ,主菜2,冷凍パスタ
冷凍ブロッコリー,主菜2,冷凍ブロッコリー
冷凍ポテト,主菜2,冷凍ポテト
わかめ,主菜2,わかめ
冷凍から揚げ,主菜2,冷凍から揚げ
冷凍炒飯,主菜2,冷凍炒飯
!市販惣菜,副菜1,市販惣菜
揚げナス,副菜1,ナス、油、めんつゆ、かつおぶし
浅漬け,副菜1,きゅうり、かぶ、浅漬けの素、大根
いか大根,副菜1,いか、大根
いんげん,副菜1,いんげん
いんげんウィンナー炒め,副菜1,いんげん、ウインナー
おから,副菜1,おから、こんにゃく、ごぼう、人参、油揚げ、しめじ、ちくわ、ほしシイタケ、ひじき、ねぎ
おくら,副菜1,おくら
かぼちゃの煮物,副菜1,かぼちゃ
きぬさやの卵とじ,副菜1,きぬさや油揚げ卵
キムチ漬け,副菜1,キムチの素、大根、きゅうり、人参
牛肉ごぼう,副菜1,牛肉、ごぼう
切り干し大根,副菜1,切り干し大根人参油揚げ
切り干し大根のサラダ,副菜1,切り干し大根、人参、きゅうり、しらす、かにかま
巾着煮物,副菜1,油揚げ鶏ひき肉ごぼう、人参、しめじ、しらたき、ひじき
きんぴらごぼう,副菜1,ぼごう、人参
こてっちゃん,副菜1,こてっちゃん、ねぎ
ごぼうサラダ,副菜1,ごぼう、人参
ごぼうのサクサク揚げ,副菜1,ごぼう、油、片栗粉
コロッケ(惣菜）,副菜1,コロッケ（惣菜）、千切りキャベツ
刺身,副菜1,刺身
さといもの煮物,副菜1,冷凍さといも
サバ水煮卵とじ,副菜1,サバ水煮2ねぎ卵
サラダ,副菜1,きゃべつミニトマトきゅうり
サンドウィッチ,副菜1,食パン8枚切り2Pトマトハムスライスチーズレタス冷凍白身魚冷凍カツツナ卵
じゃがウインナー,副菜1,じゃがいも、ウインナー
酢の物,副菜1,わかめきゅうりしらす
大根サラダ,副菜1,大根、シソ、ミニトマト、ツナ
タコ焼き（冷凍）,副菜1,冷凍たこ焼き
卵焼き,副菜1,卵
中華サラダ,副菜1,千切りキャベツきゅうりわかめ
チンゲン菜とツナのサラダ,副菜1,チンゲン菜、ツナ
豆腐ステーキ,副菜1,豆腐、片栗粉
鶏手羽焼,副菜1,手羽
ナス　生姜焼き,副菜1,ナス、しょうが
ナスとピーマンの肉味噌炒め,副菜1,ナスピーマン豚こま肉
なすの肉みそ炒め,副菜1,なすの肉みそ炒めの素、ナス
納豆,副菜1,納豆
なます,副菜1,大根、人参
煮物(ガチ）,副菜1,サトイモ鶏肉(煮物)こんにゃく人参ごぼう
煮物,副菜1,冷凍やさい鶏肉(煮物)こんにゃく
春雨サラダ,副菜1,春雨きゅうりハム
春巻き（冷凍）,副菜1,春巻き（冷凍）
ひじき,副菜1,ひじき、大豆煮、人参、油揚げ
冷奴,副菜1,豆腐
ほうれんそうのおひたし,副菜1,ほうれんそう
ポテトサラダ,副菜1,じゃがいも人参きゅうりハムマヨネーズ
麻婆豆腐,副菜1,豆腐麻婆豆腐の素ねぎ
麻婆春雨,副菜1,麻婆春雨の素、ねぎ
マカロニサラダ,副菜1,マカロニ人参きゅうりハムツナ
目玉焼き,副菜1,
もつ煮込み,副菜1,もつごぼう大根人参こんにゃくしょうがねぎじゃがいもにんにく
もやしのナムル,副菜1,もやし
山芋チーズ,副菜1,山芋、チーズ
よだれどり,副菜1,鶏胸肉、ねぎ
冷凍餃子,副菜1,冷凍餃子
冷凍惣菜,副菜1,冷凍惣菜
レタスとしらすのサラダ,副菜1,レタスしらすねぎ
蓮根のきんぴら,副菜1,蓮根
冷凍から揚げ,副菜1,冷凍から揚げ
ビーフン,副菜1,ビーフン豚ひき肉ピーマンしめじ人参きゃべつしょうが
!市販惣菜,主菜1,市販惣菜
!市販惣菜(サバ）,主菜1,市販惣菜(サバ）
!パン（朝食）,主菜1,食パン6枚切り
#外食,主菜1,
0前日と同じ,主菜1,
0テイクアウト品,主菜1,テイクアウト
アボガド丼,主菜1,アボガドサーモンコチュジャン
うどん,主菜1,冷凍うどん、山菜、豚こま肉、ねぎ、コロッケ（惣菜）
うなぎ,主菜1,うなぎ
おいなりさん,主菜1,稲荷用油揚げ
冷凍うどん,主菜1,冷凍うどん
おにぎり,主菜1,のりしらす、たらこ、鮭フレーク、昆布の佃煮
オムライス（＋炒飯）,主菜1,卵、胸肉、玉ねぎ、人参、豚ひき肉
親子丼,主菜1,玉ねぎ、鶏もも肉
外食,主菜1,外食
海鮮丼,主菜1,海鮮丼セット、お酢
カツ丼,主菜1,とんかつ、玉ねぎ
ガパオライス,主菜1,ガパオライスの素、玉ねぎ、豚ひき肉
釜めし,主菜1,とり釜めしの素
から揚げ（ガチ）,主菜1,鶏肉モモ、片栗粉、油
かれいの煮つけ,主菜1,カレイ、しょうが
豚丼,主菜1,豚こま肉、玉ねぎ
カレー,主菜1,カレールー、じゃがいも、鶏もも肉、にんにく、人参、玉ねぎ、セロリ、福神漬け
簡易手巻き寿司,主菜1,のり、ツナ、納豆、たらこ、きゅうり
きゃべつと卵の炒め物,主菜1,卵、きゃべつ
キャベツのごま味噌炒め,主菜1,キャベツのごま味噌炒め（うちのごはん）、きゃべつ
きゃべつの肉巻,主菜1,きゃべつ、豚バラ
きゃべつハンバーグ,主菜1,ひき肉きゃべつ人参しめじ豆腐
ぎょうざ,主菜1,ひき肉餃子の皮ニラしょうがきゃべつ
コロッケ(惣菜）,主菜1,コロッケ（惣菜）、千切りキャベツ
コロッケ（手作り）,主菜1,豚ひき肉、じゃがいも、玉ねぎ、パン粉、卵、油
刺身,主菜1,刺身
サバの味噌煮,主菜1,サバの味噌煮（市販）
ざるうどん,主菜1,冷凍うどん、めんつゆ、ねぎ
ざるそば,主菜1,そば、めんつゆ、ねぎ、しょうが、みょうが
サンドウィッチ,主菜1,食パン8枚切り2P、トマト、ハム、スライスチーズ、レタス、冷凍白身魚、冷凍カツ、ツナ、卵
ししゃも,主菜1,ししゃも
しめじごはん,主菜1,しめじ×2、油揚げ
しめじと豚肉のネギ塩炒め,主菜1,しめじ、豚こま肉
シュウマイ,主菜1,シュウマイ
生姜焼き,主菜1,豚肉肩ロース、玉ねぎ
すき焼,主菜1,牛肉、白菜、ねぎ、焼豆腐、しらたき、牛脂、すき焼きのたれ、えのき
すき焼風肉豆腐,主菜1,牛肉、豆腐、ニラ、玉ねぎ
すし太郎,主菜1,すし太郎、刺身、卵、きぬさや
スペアリブ風ジューシー豚バラ（うちのごはん）,主菜1,スペアリブ風ジューシー豚バラ（うちのごはん）、豚バラ
そうめん,主菜1,そうめんめんつゆねぎしょうがコロッケ（惣菜）
そば,主菜1,そば、油揚げ、ねぎ、山菜
そぼろ,主菜1,鶏胸ひき肉、卵
たこ飯系,主菜1,たこ飯系のもと
チャプチェ,主菜1,チャプチェの素ピーマン豚ひき肉
鱈　照り焼き,主菜1,鱈
チャーハン,主菜1,玉ねぎ人参卵鶏がらスープ豚ひき肉
ちらし寿司,主菜1,卵、きぬさや、まぐろ、いくら
チンジャオロース,主菜1,豚バラ、たけのこ水煮、ピーマン、チンジャオロース素
冷しゃぶ,主菜1,豚肉（しゃぶ）、山芋、きゅうり、ニラ
てんぷら,主菜1,天ぷら粉、サラダ油、さつまいも、しいたけ、舞茸、人参、玉ねぎ、えび、いか、春菊
おでん,主菜1,卵、油揚げ、大根、じゃがいも、こんにゃく、うずらの卵、ちくわ、ちくわぶ、ごぼう巻、おでん汁の素、つみれ、野菜天
天ぷら（惣菜）,主菜1,天ぷら（惣菜）
ドライカレー,主菜1,鶏ひき肉、カレー粉、玉ねぎ、人参、セロリ、トマト、しいたけ、にんにく、しょうが、ピーマン
鶏手羽焼,主菜1,手羽
鶏のすっぱ煮,主菜1,鶏肉モモ卵お酢
鶏胸肉きのこソテー,主菜1,胸肉しめじ玉ねぎ
ナスと鶏肉の炒め物,主菜1,ナス、鶏もも肉、ねぎ、人参
なすの肉みそ炒め,主菜1,なすの肉みそ炒めの素、ナス
鍋,主菜1,豚肉薄切り、白菜、水菜、しらたき、きのこ類、焼豆腐、ねぎ、人参、ほたて、鍋の素
鍋（キムチ鍋）,主菜1,豚肉薄切り白菜ニラしらたきえのき焼豆腐ねぎ人参キムチ鍋の素
鍋(鶏味噌）,主菜1,豚肉薄切り白菜しいたけしらたきほたて焼豆腐ねぎ人参まつや鍋の素
ナポリタン,主菜1,パスタ（1.6mm）ピーマン玉ねぎベーコンケチャップ
肉じゃが,主菜1,豚こま肉、じゃがいも、玉ねぎ、人参
肉みそキャベツ,主菜1,肉みそキャベツ、きゃべつ、豚ひき肉、ねぎ
パスタ,主菜1,パスタ、パスタソース
ハヤシライス,主菜1,玉ねぎ合挽き肉人参しめじハヤシルー
春巻き,主菜1,春巻きの皮もやし玉ねぎ人参しいたけピーマン油
春巻き（冷凍）,主菜1,春巻き（冷凍）
ハンバーグ,主菜1,合挽き肉玉ねぎ卵パン粉ナツメグ
ビーフン,主菜1,ビーフン豚ひき肉ピーマンしめじ人参きゃべつしょうが
ピーマンの肉詰め,主菜1,ピーマンひき肉玉ねぎ
ひき肉ニラもやし,主菜1,豚ひき肉ニラもやし
グラタン,主菜1,グラタンの素(ハウス）、牛乳、玉ねぎ、ベーコン、じゃがいも、ミートソース
ピザ,主菜1,ピザ（市販）ウインナーピーマンチーズ（ピザ）玉ねぎ
ビビンバ,主菜1,牛肉ほうれんそうもやし人参コチュジャン
冷やし中華,主菜1,冷やし中華、卵、ハム、きゅうり
豚キムチ,主菜1,豚こま肉ねぎニラ人参キムチ
豚バラ大根,主菜1,豚バラ大根豚バラ大根素
ぶり大根,主菜1,ぶり、大根
ぶりの照り焼き,主菜1,ぶり
ふんわり卵の豚バラガーリック,主菜1,ふんわり卵の豚バラガーリック（うちのごはん）豚バラ卵
カレー（レトルト）,主菜1,レトルトカレー
回鍋肉,主菜1,豚バラきゃべつねぎピーマン回鍋肉の素
麻婆豆腐,主菜1,豆腐麻婆豆腐の素ねぎ
麻婆豆腐味噌味,主菜1,豚ひき肉ねぎ豆腐
麻婆春雨,主菜1,麻婆春雨の素、ねぎ
混ぜご飯（鶏ごぼう）,主菜1,鶏肉モモ、ごぼう
蒸し野菜,主菜1,豚バラきゃべつもやしニラえのき
もやしのにんにく醤油炒め,主菜1,もやしのにんにく醤油炒めの素豚バラもやし
焼うどん,主菜1,うどん、豚こま肉、きゃべつ、人参
焼魚　あじ,主菜1,あじ
焼魚　サバ,主菜1,サバ
焼魚　鮭,主菜1,鮭
焼そば,主菜1,焼そばきゃべつもやし
焼肉,主菜1,焼肉の肉、玉ねぎ、きゃべつ、もやし
焼肉のたれ炒め,主菜1,牛肉ピーマン人参玉ねぎ焼肉のたれ
野菜炒め,主菜1,豚こま肉、きゃべつ、人参、もやし、きくらげ、玉ねぎ
ラーメン,主菜1,ラーメンきゃべつもやし人参豚こま肉
冷凍餃子,主菜1,冷凍餃子
冷凍ドリア,主菜1,冷凍ドリア
冷凍パスタ,主菜1,冷凍パスタ
レトルトカレー,主菜1,レトルトカレー
厚揚げそぼろ煮,主菜1,厚揚げそぼろ煮、厚揚げ、豚ひき肉、ニラ
冷凍から揚げ,主菜1,冷凍から揚げ
さつまいもごはん,主菜1,さつまいもごましお白だし
鍋（ラーメン）,主菜1,煮込みラーメン素、きゃべつ、人参、ねぎ、えのき、豚バラ
わかめごはん,主菜1,わかめ、しろごま
味噌汁　ちんげん菜,汁物,チンゲン菜、じゃがいも、玉ねぎ、えのき
